"Timestamp","Admission Number","Name","Graduation Year","Mooc course -1(course, platform format)","Mooc course - 1 certificate( admissionno.pdf or jpg format)","Mooc course - 2 (course, platform format)","Mooc Course - 2 certificate( admissionno.pdf or jpg format)","Mooc Course - 3 (course, platform format)","Mooc Course-3 Certificate(admissionno.pdf or jpg format)","Internship(course,platform format)","internship certificate(admissionno.pdf or jpg)","Any Cultural Activity","cultural Activity certificate(pdf or jpg)","sports","sports certificate(pdf or jpg)"
"2021/06/10 11:59:33 am GMT+5:30","18001A0529","Sajjala pushpalatha","","Programming for everybody","https://drive.google.com/u/0/open?usp=forms_web&id=109yrQRMg8sGyekWgeEfKdzQfNN2WzW40","Moralities of everydaylife","https://drive.google.com/u/0/open?usp=forms_web&id=1-jZWJ21z7xu2l5LpsE0ypBSc29JvQqEJ","..","","","","","","",""
"2021/06/10 12:10:38 pm GMT+5:30","18001A0505","T Bharath Kumar  Reddy","","Introduction to Cybersecurity Tools & Cyber Attacks,Coursera","https://drive.google.com/u/0/open?usp=forms_web&id=1RvgmHtoqfUgfX8wkDF3xjHzaY7ARjF5_","","","","","","","","","",""
"2021/06/10 12:24:13 pm GMT+5:30","19005A0516","Yanamala Aswini","3","Programming for Everybody (Getting Started with Python),coursera","https://drive.google.com/u/0/open?usp=forms_web&id=1n8D9qWYl78o8YXjhULSTfUQed25QNFxE","","","","","Cloud computing ,verzeo","https://drive.google.com/u/0/open?usp=forms_web&id=1yt2jM9wM5CQnzu26KfUMDqyro_7z4uuW","","","",""
"2021/06/10 12:24:42 pm GMT+5:30","18001A0509","hemanth gummaraju","3","programming for everybody(python programming),courseera","https://drive.google.com/u/0/open?usp=forms_web&id=1j5JKncHIyBsxLc144aLuwz-c1j_WWnsk","introduction to  pyschology,courseera","https://drive.google.com/u/0/open?usp=forms_web&id=1555lHD4KzuSWmFxykwMeKkULsJ0ESvoF","web development,","https://drive.google.com/u/0/open?usp=forms_web&id=1y1qhgXUTlXP-aw9-VBW6xAh-PE8jQGh4","","","NO","","None",""
"2021/06/10 12:28:03 pm GMT+5:30","19005A0522","Mappeti Devipriya","3","Python, Coursera","https://drive.google.com/u/0/open?usp=forms_web&id=1OCsTGKbKUhSbgpWLs3JEz-zZEN-1QPyP","","","","","","","","","",""
"2021/06/10 12:30:21 pm GMT+5:30","18001A0531","Yerapasetty Geetha Charan","3","Astrobiology and the Search for Extraterrestrial Life, Coursera","https://drive.google.com/u/0/open?usp=forms_web&id=1KnnvPIIVV3oQ-O85aW6v5y2Ow2omIVB6","The Bits and Bytes of Computer Networking, Coursera","https://drive.google.com/u/0/open?usp=forms_web&id=1H8Lw-qi9i7nhAkpEBiGpzaNaRoPr17Mp","AI For Everyone, Coursera","https://drive.google.com/u/0/open?usp=forms_web&id=1YDnQkLO3Jd296hm9YvY1qlrkJRxqiZj9","Web Developer Intern , Grassroot Initiatives","https://drive.google.com/u/0/open?usp=forms_web&id=1iYNs6r0qPIMh8yUdQhVCbmsSZuiMmRq2","","","",""
"2021/06/10 12:32:49 pm GMT+5:30","19005A0523","B.Lavanya","3","","","","","","","","","","","",""
"2021/06/10 12:34:25 pm GMT+5:30","18001A0512 ","Bonam Helen Sathvika ","3","programming,Datastructures and Algorithms using python- Nptel","https://drive.google.com/u/0/open?usp=forms_web&id=1XjftnSIeRIxCgqLebwebN7ho5jpQDRNo"," Introduction to communication science- coursera ","https://drive.google.com/u/0/open?usp=forms_web&id=1wGjaEGAcVB7xgHQ2YpxVN0YCJXHMGwJP","","","Summer internship-Smartbridge educational services private limited ","https://drive.google.com/u/0/open?usp=forms_web&id=1_yuYahwbPpjC8ERiZEuhWkZr1SSmkLE7","","","",""
"2021/06/10 12:37:32 pm GMT+5:30","19005A0505","Yeshwanth Chala","3","User Experience Designing - Udacity","https://drive.google.com/u/0/open?usp=forms_web&id=16cToPnfMy8mXitN9wLXnn7xNQ2oOYx6g","Front End Web Development - Udacity","https://drive.google.com/u/0/open?usp=forms_web&id=1HzALgwCAvy4ePg-tqqZ9VXs5ZneSMrpo","Product Management - Udacity","https://drive.google.com/u/0/open?usp=forms_web&id=1u_4zH_Kuq23MeNV3irT1Vbbb7GtaTjtE","User Experience Design Intern","https://drive.google.com/u/0/open?usp=forms_web&id=1uHa8ZhJuz0aX-JfmYa3jeGWZp8Vj4obC","","","",""
"2021/06/10 12:39:14 pm GMT+5:30","18001A0542","P REDDY TEJASWI","3","INTRODUCTION TO VIRTUAL REAILTY, Coursera","https://drive.google.com/u/0/open?usp=forms_web&id=1g_wXpZ1Bvcez7SujtkmVbAff-uWgODRd","3D Models for Virtual Reality, Coursera","https://drive.google.com/u/0/open?usp=forms_web&id=14zp5HrEscVTBfOrjW8G3Li0vUUcnA8Kv","Graphic Elements of Design: Color Theory and Image Formats, Coursera","https://drive.google.com/u/0/open?usp=forms_web&id=1Kt8oYrKLED9V9jlKXmrpwl-vrMdpOQxu","","","","","",""
"2021/06/10 12:40:07 pm GMT+5:30","18001A0516","Gopavaram Bavithra Reddy","3","programming for everybody(getting started with python)-Coursera","https://drive.google.com/u/0/open?usp=forms_web&id=1c1qPIizpfkzwzJw0u3PT9vkWkMPSVi3A","Stanford introduction to food and health-Coursera","https://drive.google.com/u/0/open?usp=forms_web&id=1Hz98qmAD_w6nZ75TAAIYo80-nE8TJmwV","","","Machine learning with python-Verzeo","https://drive.google.com/u/0/open?usp=forms_web&id=17rReNWClsA9DzrJqtsEHr0lyz0DX73er","","","",""
"2021/06/10 12:40:55 pm GMT+5:30","19001A0575","Velpula Narendra","2","","","","","","","","","","","",""
"2021/06/10 12:41:06 pm GMT+5:30","19005A0510","Shyam Kumar Gatti","3","Learning Java, LinkedIn Learning Premium. ","https://drive.google.com/u/0/open?usp=forms_web&id=143uebKtRWfZsSsZsam4Xo4_nOfWeV8_J","Social Media Marketing, Udemy","https://drive.google.com/u/0/open?usp=forms_web&id=1sxgYsGblKlK7fcoUndLlnXr9755uBupj"," HTML and CSS for Beginners - Build a Website & Launch ONLINE","https://drive.google.com/u/0/open?usp=forms_web&id=1cKOXsGQzyBWGBS0xNBPHoiCtrqCGi_cr","Web Development Intern, The Brainy Homes Company","https://drive.google.com/u/0/open?usp=forms_web&id=1zGO1y9CxvqsUe9el_x4mf_sMPL_K7b2m","","","",""
"2021/06/10 12:46:43 pm GMT+5:30","19001A0523","Y PRIYANKA","2","Python,mysirg.com","https://drive.google.com/u/0/open?usp=forms_web&id=1wKBMvBwZN7hfm0hx3-AJb40GTxqNNWzm","","","","","","","","","",""
"2021/06/10 12:52:53 pm GMT+5:30","19001A0565 ","Ismail Mohamed Haji Yusuf ","4","","","","","","","","","","","Football ","https://drive.google.com/u/0/open?usp=forms_web&id=19NPUP3XFtJKO1cjWIGRRa2lD3vACDEG-"
"2021/06/10 12:57:34 pm GMT+5:30","19005A0514","Sai Nikhila Indhirala","3","IBM Cyber Security, Coursera","https://drive.google.com/u/0/open?usp=forms_web&id=1TUKYSnr3kgRMe_N6Ac8IlBCXiKT45b27","Not Yet Completed","","Not Yet Completed","","Cyber Security,Verzeo(Online)","https://drive.google.com/u/0/open?usp=forms_web&id=1Y-mDOw9OB5gU37LqEO2TcQKJuzw2DgjG","No","","No",""
"2021/06/10 12:59:32 pm GMT+5:30","18001A0574","Mandle Nandakishore Reddy","3","Learncodeonline","https://drive.google.com/u/0/open?usp=forms_web&id=1qiIgxkIKnY_6FA1Ya8lPvoYtWvxs1aks","","","","","","","","","",""
"2021/06/10 1:06:43 pm GMT+5:30","19005A0502","Todime Deepa","3","Privacy and security in online social media,NPTEL","https://drive.google.com/u/0/open?usp=forms_web&id=17O0gmC2546cGFIZsEraenOaUVWLli8EO","","","","","Cyber Security , Verzeo","https://drive.google.com/u/0/open?usp=forms_web&id=1DB0nd1wt7zoJnyFDO_O__AgKd8CfWkCY","","","",""
"2021/06/10 1:09:28 pm GMT+5:30","17001A0523","G B Shruthi","4","Data science for engineers(Core)","https://drive.google.com/u/0/open?usp=forms_web&id=1bMR48vTm8kc3z9We5USSrt64BICgYY7v","Stress management (Non-core)","https://drive.google.com/u/0/open?usp=forms_web&id=1ziEBmcm6NEkjaJ6fu2FRNWLXZ-GgPb06","","","Android app development-Java ","https://drive.google.com/u/0/open?usp=forms_web&id=1Gw285QA5zpTRV_FpcR35AlEP2KvwI0qb","","","",""
"2021/06/10 1:10:51 pm GMT+5:30","19001A0565 ","Ismail Mohamed Haji Yusuf ","2","","","","","","","","","","","Sports ","https://drive.google.com/u/0/open?usp=forms_web&id=1MIcEByweNAe7cplqBnLgEeQJMHF54GUz"
"2021/06/10 1:11:12 pm GMT+5:30","17001A0530","NANDAM SREENIVASULU","4","Teamwork Skills: Communicating Effectively in Groups, Coursera","https://drive.google.com/u/0/open?usp=forms_web&id=1PLr6jFwQQbxbzWGzezC5eiuYMnF8nvbx","Programming for Everybody (Getting Started with Python), Coursera","https://drive.google.com/u/0/open?usp=forms_web&id=1GvnCJgHlcEh45u_ZqfpmwlcR6x4QjKWI","","","","","","","",""
"2021/06/10 1:12:01 pm GMT+5:30","19001A0565 ","Ismail Mohamed Haji Yusuf ","2","","","","","","","","","","","Football ","https://drive.google.com/u/0/open?usp=forms_web&id=1tNIqJCqPYrM6ua6sV6-UrWE4yGAv-xPe"
"2021/06/10 1:12:24 pm GMT+5:30","18001A0528","Penakacherla Raviteja yadav","3","Programming for everybody(Getting started with python),coursera","https://drive.google.com/u/0/open?usp=forms_web&id=1ICTmXoRj_AaY6Xqqv3C54it3RqAEFjwH","Python data structures,coursera","https://drive.google.com/u/0/open?usp=forms_web&id=1hRIjq_CJO9RRWz3GWJaBGWPdOFGeIBaK","Using python to access web data ,coursera","https://drive.google.com/u/0/open?usp=forms_web&id=14W21dqdCXrnQelZ7v0MUO7fy54t5n6Pa","","","","","",""
"2021/06/10 1:12:41 pm GMT+5:30","17001A0552","Pediredla Praneeth kumar","4","Joy of computing using python- NPTEL","https://drive.google.com/u/0/open?usp=forms_web&id=1ZwXOBOPA6SSRrEGxaE4FYSHIsCpSW8XH","Introduction to cyber security tools and cyber attacks- COURSERA","https://drive.google.com/u/0/open?usp=forms_web&id=1YTt2QzSdacCqTRK0iCgkxTT0tge14-WJ","","","Android app development using java(AT ECIL SECUNDERABAD)","https://drive.google.com/u/0/open?usp=forms_web&id=1mHl5X9n8RrohI455In843zYWu8Ir3twl","","","",""
"2021/06/10 1:15:06 pm GMT+5:30","17001A0524","G Nithish Kumar","4","Data Science Math skills. COURSERA","https://drive.google.com/u/0/open?usp=forms_web&id=1SFSDlYD4Mo00zn-28M54duLdHzl1fqPp","Programming for everybody ( Getting started with Python). COURSERA","https://drive.google.com/u/0/open?usp=forms_web&id=1leVMC0UI5bsRnX9WQElxaRuxjJBgRQH9","Nill","","Basics of Database. Company: DIABETIC FOOD INTERNATIONAL Pvt. Ltd.","https://drive.google.com/u/0/open?usp=forms_web&id=1raY_ES2i5g2AuqybRTw8fn8BELZoPDjZ","Nill","","Nill",""
"2021/06/10 1:15:18 pm GMT+5:30","17001A0546","R Mohaseena","4","Programming For EveryBody(Getting Started with python),Coursera","https://drive.google.com/u/0/open?usp=forms_web&id=1l4nEGVXEEG9NajJBhXPNcWhoj_cVxuRb","Javascript Introduction,edx","https://drive.google.com/u/0/open?usp=forms_web&id=1ysp5nOO75KwSNCf5RlDst50bqhSLIoX6","","","Android App Development,ECIL","https://drive.google.com/u/0/open?usp=forms_web&id=1e1UMhMGlcCgccykF6GpaQNvg8AUQXVgM","","","",""
"2021/06/10 1:18:50 pm GMT+5:30","18001A0518","S.V.Lakshmi Chandrika","3","Programming for Everybody (Getting Started With Python),online ","https://drive.google.com/u/0/open?usp=forms_web&id=1UE4GzzG00lJ2HddC4SojxsYMKkSdl9vq","Successful Negotiation,online ","https://drive.google.com/u/0/open?usp=forms_web&id=1cvOZ3rHScZPnLU5K0uaCu-zOOyRFb_-r","","","Web Development,online","https://drive.google.com/u/0/open?usp=forms_web&id=1RywjFZhS26kSQZmr_cPBIU8Mwzw9QskX","NCC CADET","https://drive.google.com/u/0/open?usp=forms_web&id=1GtaNKH5iSTgoQMDVlMV3QvXF9-wF8eCr","",""
"2021/06/10 1:24:52 pm GMT+5:30","17001A0532","ASHOK KUMAR THOTA","4","JOY OF COMPUTING USING PYTHON,NPTEL","https://drive.google.com/u/0/open?usp=forms_web&id=1Gg31BT_6bXJ1aAdOXF4Ap2zcTaQyyex9","BIOLOGY FOR ENGINEERS AND OTHER NON-BIOLOGISTS, SWAYAM NPTEL","https://drive.google.com/u/0/open?usp=forms_web&id=1sNk406MfwrhG3S6596E5RNDJlZiaedaM","","","artificial intelligence ","https://drive.google.com/u/0/open?usp=forms_web&id=17ocKiDqZseRpTH5L7qDai-8YdcIrCAWe","","","SOUTH ZONE KHO-KHO TOURNAMENT","https://drive.google.com/u/0/open?usp=forms_web&id=1sst4uLPF96cRqZnPPWiuG2zCPicG9A8t"
"2021/06/10 1:25:22 pm GMT+5:30","17001A0516","muzzammill hazi","4","programming data structures and algorithms using python, NPTEL","https://drive.google.com/u/0/open?usp=forms_web&id=1yRn9aIBTEsXIJXrWEysp5abliN02G5s1","joy of Computing using python, Nptel","https://drive.google.com/u/0/open?usp=forms_web&id=1B2RLTTpzcpmH3a7hR3vk8Q349obiLfKI","","","Augmented reality, Xlenz company","https://drive.google.com/u/0/open?usp=forms_web&id=15OL7QEDRZRGV9L8yiAUXUpU_4Otga57I","","","",""
"2021/06/10 1:27:30 pm GMT+5:30","17001A0515","K.Diwakar Reddy","4","Cloud Computing, NPTEL","https://drive.google.com/u/0/open?usp=forms_web&id=1N-eTiC2o6kBTAP5WrY_vCSRiz5U6kum5","Biology for Engineers and other Non-biologists, NPTEL","https://drive.google.com/u/0/open?usp=forms_web&id=1_xOgfOPxi4K1DWS_bM-oL2bVKwEaUO6R","","","Artificial Intelligence","https://drive.google.com/u/0/open?usp=forms_web&id=1JHYt5Q6gjSwLDTsFRoigygFEfuie3OYw","","","",""
"2021/06/10 1:30:00 pm GMT+5:30","18001A0547","MOHAMMAD SALMAN SUNAKAL","3","Programming for Everybody(Getting Started with Python), Coursera","https://drive.google.com/u/0/open?usp=forms_web&id=1cOlPLYCcVQwmPIGHszRSl_y9_pDAj_ck","Introduction to Psychology, Coursera","https://drive.google.com/u/0/open?usp=forms_web&id=1Nx80SQpYDJsggBComYAqv9tdgylIyGwQ","Cybersecurity Fundamentals(Course and Badge), P-TECH(IBM)","https://drive.google.com/u/0/open?usp=forms_web&id=1a89Cfxj7uqRsHvxsCnVut6bvCyfudBV2","Designing an e-commerce portal, Internship Studio","https://drive.google.com/u/0/open?usp=forms_web&id=1JF4RMzQ5et2hm1Q4JZPW68BorP3hOR30","","","",""
"2021/06/10 1:36:19 pm GMT+5:30","16001A0561","jj@0123456","4","Introduction to Psychology, Coursera ","https://drive.google.com/u/0/open?usp=forms_web&id=1AaUzc01iBZF2hGJetpFQ95bVdFSLQOzL","Introduction to User Experience Design","https://drive.google.com/u/0/open?usp=forms_web&id=1pDrECACpwAHEhuKXgiFnkns8G9tttQY0","","","AI, Verzeo Bangalore ","https://drive.google.com/u/0/open?usp=forms_web&id=1KzIHbWUEqe997Ddec7VtFNAUqRoo3p7Z","","","",""
"2021/06/10 1:36:20 pm GMT+5:30","18001A0519","Yallamgari Sujana","3","Python Datastructure, coursera","https://drive.google.com/u/0/open?usp=forms_web&id=15M4z1TF0wZLwXp0aZe05XSbMWANEWO86","The Science of success, Coursera","https://drive.google.com/u/0/open?usp=forms_web&id=1sKNGEXf_So-70QCf0vozHPwP2dkEF6dI","","","Front end development , Widhya","https://drive.google.com/u/0/open?usp=forms_web&id=16M-ildcxCmJOvrctaYSLLNOPMbyxrVFB","","","",""
"2021/06/10 1:42:29 pm GMT+5:30","17001A0508","Galanki Manjusha","4","Human Computer Interactions-NPTEL","https://drive.google.com/u/0/open?usp=forms_web&id=1p_6UQgG74nXzzGe51vSwlspw6tKD6Rji","Leading the life you want- COURSE ERA","https://drive.google.com/u/0/open?usp=forms_web&id=1zsb_GFEe23bjQBU9Ch8dO9_rD6ThDREH","","","Feedback analysis of Interviews-ECIL","https://drive.google.com/u/0/open?usp=forms_web&id=1uO26MYKgq0KUuWbvNDOg0Cpy-U5ftMqH","","","",""
"2021/06/10 1:42:48 pm GMT+5:30","20005A0503","Sanivaram Mounika","2","AI Master class using Python","https://drive.google.com/u/0/open?usp=forms_web&id=1mXUXGtsfMcW4M0pnKX5o755sMS0qS9ZY","","","","","","","","","",""
"2021/06/10 1:45:05 pm GMT+5:30","18005A0511","Velpula Padma Priya","4","Technical english, nptel online","https://drive.google.com/u/0/open?usp=forms_web&id=1Ts0Jh6oejJUpdZNXCQ89y_kjjpnGqB1j","Programming for everybody(getting started with python), coursera online","https://drive.google.com/u/0/open?usp=forms_web&id=16IGPdtrqAHVsuCbpyx23m82YFSxBYSWj","","","Machine learning, offline","https://drive.google.com/u/0/open?usp=forms_web&id=1xcrhiVfqda4B9QDjgdkz_SYlREnYZcsb","","","",""
"2021/06/10 1:47:05 pm GMT+5:30","18001A0507","Manchala Vasundhara","3","Programming for everybody(Getting started with python) , online","https://drive.google.com/u/0/open?usp=forms_web&id=1_LenwcvcEY2uXd5lCeYob9FDru-V6vvv","Write professional emails in english , online","https://drive.google.com/u/0/open?usp=forms_web&id=1ZiJXFKOoTS_t_eqrZPso0BjuXfCkr_kw","","","Machine learning , online","https://drive.google.com/u/0/open?usp=forms_web&id=13mmLpZJwYPX9Bq24LWGqyye-XwPUM6XW","","","",""
"2021/06/10 1:47:20 pm GMT+5:30","17001A0508","Galanki Manjusha","4","Human Computer Interactions-NPTEL","https://drive.google.com/u/0/open?usp=forms_web&id=1y-qWIXiKllnY9aO09a48QIFIpyr59q_J","Leading the life you want-COURSE ERA","https://drive.google.com/u/0/open?usp=forms_web&id=1Eh_I7uzWPL2wqfDnQdGgRv5GEbrCWr__","","","Feedback analysis of Interviews-ECIL","https://drive.google.com/u/0/open?usp=forms_web&id=1ZlephlgUBOGR_tZmWqOtqtIYYp2ZICKR","","","",""
"2021/06/10 1:47:35 pm GMT+5:30","18001A0535 ","Sevithapriya ","3","Introduction to web development ","https://drive.google.com/u/0/open?usp=forms_web&id=11jPNFS48A77JaAHnRGftAB1QmEGlA6br","Introduction to python ","https://drive.google.com/u/0/open?usp=forms_web&id=1mBO3BBZ156OxJN7NEj4PrhpjnLLOc-bf","Python data structures ","https://drive.google.com/u/0/open?usp=forms_web&id=1-JEpTQYrfsTJPICsnX7VT78X9umBSI9L","Cloud computing (azure) ","https://drive.google.com/u/0/open?usp=forms_web&id=1IOz7H45qS9SIuGp6GIcmk6FtiTOi1oPA","","","",""
"2021/06/10 2:08:16 pm GMT+5:30","19005A0503","SRAVANI BUSAGANI","3","Programming for Everybody (Getting Started with Python),Coursera","https://drive.google.com/u/0/open?usp=forms_web&id=1tqQG54_F1qTS43G8u25jWGFmcZsHesDG","Positive Psychology,Coursera","https://drive.google.com/u/0/open?usp=forms_web&id=18RQgINT95JwSBaUZB01EriVh34aBJ478","","","","","","","",""
"2021/06/10 2:14:54 pm GMT+5:30","19005A0521","Nalluri Bhavya Sri","3","Programming for everybody  ,  coursera","https://drive.google.com/u/0/open?usp=forms_web&id=1iFMmlNOuXDdp7xEJzzWUeU7r6zqpTaQH","Technical Support Fundamentals , coursera","https://drive.google.com/u/0/open?usp=forms_web&id=1eXyTHXQvWWsJVnQaymP2I9kUsnwnTOb4","Python Programming , APSSDC","https://drive.google.com/u/0/open?usp=forms_web&id=13fhYY6MhZzGcPp8UhlydvLnnIYfiEUpC","","","","","Participated in  table tennis game in state level  meet","https://drive.google.com/u/0/open?usp=forms_web&id=13wiwKMUfVoW2oWnKr78X6MWbtP_-Rn1Y"
"2021/06/10 2:15:21 pm GMT+5:30","19001A0538","GOLLAPALLI CHARAN KUMAR REDDY ","2","DATA SCIENCE,ONLINE ","https://drive.google.com/u/0/open?usp=forms_web&id=1b1EojLM31dYV6rRVD9BRVFLe36f2dASI","","","","","","","","","",""
"2021/06/10 2:19:46 pm GMT+5:30","18001A0506","Dudala Sudarshana","3","Python programming for everybody","https://drive.google.com/u/0/open?usp=forms_web&id=1HrThthLhc6iDtKgoocFy_NRTxpviL9XO","Writing professional mails in English","https://drive.google.com/u/0/open?usp=forms_web&id=1Tjwh6381zYQpgHUYafVjJTKZFIo1ekxu","Web design and development","https://drive.google.com/u/0/open?usp=forms_web&id=1dRcUujasVndHg9YOSInA65MJgEaHGJmM","Smartinternz","","No","","",""
"2021/06/10 2:21:46 pm GMT+5:30","19001A0505","C BHANU PRAKASH REDDY","2","Programming for Everybody (Getting Started with Python), COURSERA (Online)","https://drive.google.com/u/0/open?usp=forms_web&id=1Mqk26N-Yz6NfdVly4lvOWfimKNbh35R9","Python Data Structures, COURSERA (Online)","https://drive.google.com/u/0/open?usp=forms_web&id=1cEWuWltdXhAQZk4ro1fo9tMVJrXxBzWJ","Using Python to Access Web Data, COURSERA (Online)","https://drive.google.com/u/0/open?usp=forms_web&id=1Putu_YvLSxwMOhlk-nLhT3YKwRyk87y-","","","","","",""
"2021/06/10 2:37:37 pm GMT+5:30","18001A0577","MadhanMohanReddy kodatala","3","Python for everybody, Coursera","https://drive.google.com/u/0/open?usp=forms_web&id=1dmeuYcHw4jU0PHkfXUeoRhGtMAsWuQvh","Psychology, Coursera","https://drive.google.com/u/0/open?usp=forms_web&id=1mARRx9sd7K7ej-MWy37YjtSCyUJKzupE","","","","","","","",""
"2021/06/10 3:04:34 pm GMT+5:30","19005A0507","Chandragiri Jyoshna","3","Introduction to Java, Coursera","https://drive.google.com/u/0/open?usp=forms_web&id=142gfkElpDMluGF1A7X3wI2wbRdzXM-k2","Programming For EveryBody(Getting Started With Python), Coursera","https://drive.google.com/u/0/open?usp=forms_web&id=1NbP8_hIJCINhY1E-c3ynDZ0O9iATRkT8","","","Web Development and Design, The Sparks Foundation(Online)","https://drive.google.com/u/0/open?usp=forms_web&id=1hpOfnUIpkefj0Z-3O2gVYXAT8cZon76-","Soft Skills And Interview Skills, Mahindra Pride ClassRoom","https://drive.google.com/u/0/open?usp=forms_web&id=10x_cWwmjCC0T5NYuorKQtXHgVcJdgfPj","",""
"2021/06/10 3:06:39 pm GMT+5:30","19001A0579 ","PothugantiSrilekha ","2","C language ","https://drive.google.com/u/0/open?usp=forms_web&id=1Yo60gsW0q1BCqT6IHdse52zlLoZrNXqp","Java","https://drive.google.com/u/0/open?usp=forms_web&id=1mFI456VM3kuGOrSm40kBidL3RFextuKL","","","Webdevelopment","https://drive.google.com/u/0/open?usp=forms_web&id=1S1Ong8E51AU0LFrBQkPliSh37tbGbvbl","","","",""
"2021/06/10 3:10:46 pm GMT+5:30","18001A0504","Devisetty Jayaprada","3","Machine Learning,Coursera","https://drive.google.com/u/0/open?usp=forms_web&id=1VxjzURWl20Yo2904bKiWoqNNTM9yEi6W","","","","","Machine Learning,SmartBridge","https://drive.google.com/u/0/open?usp=forms_web&id=1IDKBXvEBSd7QYKg9IMNnCEDJe8XwEHeY","","","",""
"2021/06/10 3:14:57 pm GMT+5:30","19005A0517","Mannepalli Srikanth","3","HTML CSS and JavaScript for Web Developers, Coursera","https://drive.google.com/u/0/open?usp=forms_web&id=1hY5OAx-y6paaUXRROaa_m7g6BIJ0VUSp","","","","","","","","","NCC Senior under officer","https://drive.google.com/u/0/open?usp=forms_web&id=15fUG5U74iFwT0QqHQfGKx4ES8OrAdteJ"
"2021/06/10 3:17:24 pm GMT+5:30","18001A0543","Rajitha G","3","coursera , online","https://drive.google.com/u/0/open?usp=forms_web&id=1LbngF0xzP47zPaHLSDPkkhBflwfWPxjq","coursera , online","https://drive.google.com/u/0/open?usp=forms_web&id=1JWiI45aaoEXKCxt9HCL3AWWcP0MmKkbl","coursera , online","https://drive.google.com/u/0/open?usp=forms_web&id=1I_GdfpfntGM2qzeffWnNfIiSYrl5c7mA","","","","","",""
"2021/06/10 3:18:32 pm GMT+5:30","19005A0513","Bandaru Harika Lakshmi","3","HTML CSS and JavaScript for Web Developers, Coursera","https://drive.google.com/u/0/open?usp=forms_web&id=16WKR6dHvSxA8jOT6xPlNJnLheIvgAUbM","","","","","","","Group Song - 1st position","https://drive.google.com/u/0/open?usp=forms_web&id=1LysBk2wjFbUPMZkrCMi1prn8D-WWNXtZ"," Regional Sports Meet U19-Kabbadi","https://drive.google.com/u/0/open?usp=forms_web&id=1MWqCaegjrcgWfddXWuA-XYYosfq59mzY"
"2021/06/10 3:21:52 pm GMT+5:30","17001A0536","L LAHARI","4","Programming for Everybody (Python)","https://drive.google.com/u/0/open?usp=forms_web&id=1Z7MWeJZpgQydL8o-8Xplt15XT7r86uYC","Introduction to philosophy","https://drive.google.com/u/0/open?usp=forms_web&id=1w9rd6SvAJN497H9osV9TzlsMoBwZhh_6","","","Feedback Analysis of Interviews","https://drive.google.com/u/0/open?usp=forms_web&id=1Zwq5ZVIsZz8EHZyEA3digEL4LmkvdiS9","NCC","https://drive.google.com/u/0/open?usp=forms_web&id=1aGfNTdlcxPCnuLkWEh-B_RUVdtNbooTW","",""
"2021/06/10 3:40:23 pm GMT+5:30","19005A0520","Uyyalawada Sandhya Rani","3","Positive psychology, coursera","https://drive.google.com/u/0/open?usp=forms_web&id=1EJwnlb63XQmaj7KO-f4yG365EdDGPSbC","","","","","","","","","",""
"2021/06/10 3:56:57 pm GMT+5:30","19005A0509","Chinreddy Pavithra","3","Programming for Everybody (getting started with Python)--Coursera","https://drive.google.com/u/0/open?usp=forms_web&id=1hU-iRfHcL0qq3yoZkBWRQCL5uv0YCBEZ","SQL-The complete introduction to sql programming--Udemy","https://drive.google.com/u/0/open?usp=forms_web&id=1FPOXma_VcbID33sz_kDivPehbDZChbk6","","","Web Development and Designing --Online Internship At The Sparks Foundation ","https://drive.google.com/u/0/open?usp=forms_web&id=1dtU7XW6hTUCYxDPMwuRBXv3J2dg1vrAZ","","","",""